{"cameraMode":{"drawMode":0,"name":"Shaded","section":"Shading Mode"},"sceneLighting":true,"audioPlay":false,"sceneViewState":{"showFog":true,"showMaterialUpdate":false,"showSkybox":true,"showFlares":true,"showImageEffects":true,"showParticleSystems":true},"in2DMode":false,"pivot":{"x":0.900108814239502,"y":-1.0078282356262208,"z":0.044028282165527347},"rotation":{"x":-0.1069767028093338,"y":0.8923432230949402,"z":-0.2910752594470978,"w":-0.32795631885528567},"size":8.919140815734864,"orthographic":false}