{"cameraMode":{"drawMode":0,"name":"Shaded","section":"Shading Mode"},"sceneLighting":false,"audioPlay":false,"sceneViewState":{"showFog":true,"showMaterialUpdate":false,"showSkybox":false,"showFlares":true,"showImageEffects":true,"showParticleSystems":true},"in2DMode":false,"pivot":{"x":27.899999618530275,"y":-10.0,"z":15.000000953674317},"rotation":{"x":0.041178148239851,"y":-0.9112783670425415,"z":0.39878222346305849,"w":0.09410175681114197},"size":28.578855514526368,"orthographic":false}