{"cameraMode":{"drawMode":0,"name":"Shaded","section":"Shading Mode"},"sceneLighting":false,"audioPlay":false,"sceneViewState":{"showFog":true,"showMaterialUpdate":false,"showSkybox":true,"showFlares":true,"showImageEffects":true,"showParticleSystems":true},"in2DMode":false,"pivot":{"x":0.8999996185302734,"y":-7.5,"z":5.800000190734863},"rotation":{"x":-0.3367342948913574,"y":-0.06856602430343628,"z":0.024594351649284364,"w":-0.9387856721878052},"size":82.92789459228516,"orthographic":true}