{"cameraMode":{"drawMode":0,"name":"Shaded","section":"Shading Mode"},"sceneLighting":false,"audioPlay":false,"sceneViewState":{"showFog":true,"showMaterialUpdate":false,"showSkybox":true,"showFlares":true,"showImageEffects":true,"showParticleSystems":true},"in2DMode":false,"pivot":{"x":27.899999618530275,"y":-10.0,"z":15.000000953674317},"rotation":{"x":-0.33067044615745547,"y":-0.4280276894569397,"z":0.1719011664390564,"w":-0.8233537673950195},"size":28.578855514526368,"orthographic":false}