{"cameraMode":{"drawMode":0,"name":"Shaded","section":"Shading Mode"},"sceneLighting":true,"audioPlay":false,"sceneViewState":{"showFog":true,"showMaterialUpdate":false,"showSkybox":true,"showFlares":true,"showImageEffects":true,"showParticleSystems":true},"in2DMode":false,"pivot":{"x":0.9017114639282227,"y":-0.1560044288635254,"z":-0.2602057456970215},"rotation":{"x":-0.3934568166732788,"y":0.3457626700401306,"z":-0.16269826889038087,"w":-0.8361669778823853},"size":8.128046989440918,"orthographic":false}